fold,model,rmse,r2
1,XGBoost,575114.0988306266,99.98257135459521
2,XGBoost,899201.684108413,99.95083990311082
3,XGBoost,1536183.4926006573,99.86950410198291
4,XGBoost,1248161.3593730188,99.92300815351854
5,XGBoost,673148.5917257696,99.97511285802149
1,LightGBM,1171541.5203500723,99.9276779088283
2,LightGBM,1684705.4570899124,99.82743748084258
3,LightGBM,2520070.275366173,99.64881498530721
4,LightGBM,1662312.779734271,99.86343834993318
5,LightGBM,716857.028561558,99.97177602116753
