Model,R2_pct,MAPE_pct,Direction_Acc_pct,RMSE,MAE
Univariate LSTM,99.96,8.54,100.0,953399,611449
Multivariate LSTM,99.96,5.3,100.0,855680,528076
Encoder-Decoder (Step t+1),99.97,4.130000114440918,99.5,822120,486259
Encoder-Decoder (Step t+2),99.97,4.130000114440918,100.0,820028,501434
