{
  "best_rmse": 37941388.39644367,
  "ensemble_weights": {
    "w_multi": 0.6,
    "w_xgb": 0.4
  },
  "saved_at": "2026-03-26T18:57:59.490121"
}