{"market_value_tier_encoded":0.3904661834,"log_market_value":0.1947249472,"prev_value":0.1802630723,"prev_value2":0.1793738604,"pct_change":0.0312347002,"age_squared":0.0099894647,"current_age":0.0082402732,"value_trend":0.0037805801,"dribbles":0.0005664664,"total_likes":0.000239321,"transfer_attractiveness_score":0.0001611071,"passes_complete":0.000115453,"assists":0.0000907032,"pass_accuracy_tier_encoded":0.0000617247,"total_tweets":0.0000579424,"goal_contributions_per90":0.000041834,"tackles_total":0.0000383687,"goals_per90":0.0000370269,"pass_accuracy_pct":0.0000365284,"shot_conversion_rate":0.0000322163,"passes_total":0.0000313195,"positive_tweets":0.0000302106,"tweet_engagement_rate":0.0000264983,"position_encoded":0.000025343,"goals":0.0000248634}