trial,rmse,r2,n_estimators,max_depth,learning_rate,subsample,colsample_bytree,min_child_weight,reg_alpha,reg_lambda
1,149217.5749434362,99.99880790710449,600,7,0.08,0.8,0.8,7,0.0,0.5
2,634704.5693107937,99.97847080230713,600,5,0.03,0.8,0.8,5,0.2,0.5
3,271466.48476745706,99.99606013298035,800,6,0.08,0.7,0.9,7,0.05,1.0
4,272761.3326261624,99.99602437019348,400,7,0.08,0.6,0.9,3,0.05,0.5
5,918599.4531851192,99.95489716529846,800,4,0.01,0.8,0.8,5,0.05,2.0
