trial,rmse,r2,n_estimators,num_leaves,max_depth,learning_rate,subsample,colsample_bytree,min_child_samples,reg_alpha,reg_lambda
1,430068.31876154064,99.99011429497381,600,31,7,0.08,0.6,0.8,20,0.1,1.5
2,588259.9378897359,99.9815042779278,600,127,-1,0.05,0.9,0.9,30,0.05,0.5
3,1782281.3659733112,99.83022048902596,400,63,6,0.05,0.6,0.6,50,0.05,1.0
4,1813689.5633728218,99.82418389556076,200,31,5,0.03,0.8,0.8,20,0.2,2.0
5,648145.9428579102,99.97754679409489,800,127,7,0.05,0.8,0.9,50,0.0,1.5
