Model,RMSE (€),RMSE (M€),MAE (€),R² Score,MAPE (%)
Univariate LSTM,15720.579014315519,0.01572057901431552,3143.21765,0.999999864005021,0.06921106880537549
Multivariate LSTM,1064800.0095336474,1.0648000095336474,379759.410725,0.9993760900794176,1.0141942374510684
Encoder-Decoder LSTM,2145800.799540467,2.145800799540467,762199.6608125,0.9974662450852998,2.013931198494339
Ensemble (Simple Avg),805945.1395343599,0.8059451395343599,278625.1790125,0.9996425652607094,0.7501037669683438
