Model,RMSE (€),MAE (€),R² Score
Base Univariate LSTM,10399.350498354452,2805.701,0.9999999383682456
Base XGBoost,1012246.6055204688,184916.071125,0.9994160646645199
Tuned XGBoost,815710.3569584487,140994.738375,0.9996208037347692
