Model,RMSE,MAE,R²,Status
Simple Average Ensemble (Previous),748189.8889577428,271127.5934166665,0.9996809815740335,🟡 Mild Overfit
Optimized XGBoost,998722.7793766108,451984.3595,0.999431563431049,⚠️ Overfit
Weighted Ensemble,14801.821589459461,6444.392518057095,0.9999998751402593,✅ Good Fit
Final Hybrid (Recommended),500173.4327898738,226353.3707263549,0.9998574282966608,✅ Best Balance
