colsample_bytree,learning_rate,max_depth,n_estimators,subsample,score
0.8,0.01,3,100,0.8,-16359630.119512355
0.8,0.01,3,100,1.0,-16327635.982273484
0.8,0.01,3,200,0.8,-6428251.093276407
0.8,0.01,3,200,1.0,-6399431.418263729
0.8,0.01,5,100,0.8,-16165492.699555697
0.8,0.01,5,100,1.0,-16130372.810013732
0.8,0.01,5,200,0.8,-6241731.997715128
0.8,0.01,5,200,1.0,-6195369.941052684
0.8,0.01,7,100,0.8,-16164633.026595658
0.8,0.01,7,100,1.0,-16120818.803335443
