Model,RMSE_Train,RMSE_Test,MAE_Test
Univariate LSTM,1807667.1911206776,1341775.867494864,1114224.3852642735
Multivariate LSTM,1609487.976428383,1115155.7411952086,851631.8083416105
Encoder-Decoder LSTM,2847942.971004995,2457233.9927448947,1682620.804751621
