{"generated_at": "2026-03-26 17:31", "week": "Week 7 \u2013 Evaluation & Hyperparameter Tuning", "n_players": 1000, "n_train": 1600, "n_val": 400, "n_features": 18, "new_column": "lstm_predicted_market_value", "metrics": {"Multivariate LSTM (baseline)": {"rmse_eur": 22700158.68, "mae_eur": 14863146.96, "r2": 0.7475}, "XGBoost + LSTM Ensemble": {"rmse_eur": 207129.85, "mae_eur": 122826.33, "r2": 1.0}}, "scatter": {"Multivariate LSTM (baseline)": {"actual": [21157750.0, 70926619.0, 29451100.0, 4800000.0, 55256578.0, 99223213.0, 80943567.0, 46332691.0, 95552533.0, 83043681.0, 10591573.0, 12203424.0, 4000000.0, 4800000.0, 4000000.0, 46981778.0, 116836014.0, 175874851.0, 28828007.0, 29720041.0, 1880359.0, 60585543.0, 71980288.0, 135467998.0, 74012706.0, 90522761.0, 4000000.0, 127639260.0, 4000000.0, 109019932.0, 4000000.0, 4000000.0, 4000000.0, 127175162.0, 87955519.0, 168261539.0, 99715270.0, 140988502.0, 57489386.0, 4800000.0, 4000000.0, 4000000.0, 4000000.0, 4000000.0, 4000000.0, 57488368.0, 51350177.0, 128910074.0, 4000000.0, 4800000.0, 4000000.0, 145925844.0, 13100913.0, 5600000.0, 115448949.0, 21235108.0, 10582008.0, 6400000.0, 99043262.0, 27610199.0, 4000000.0, 69168952.0, 4000000.0, 4281825.0, 41545522.0, 4800000.0, 4000000.0, 70503092.0, 4000000.0, 81062029.0, 7121641.0, 4000000.0, 84769947.0, 66777665.0, 61487035.0, 22970442.0, 81287194.0, 14377144.0, 57910683.0, 49295641.0, 108414091.0, 4000000.0, 207511532.0, 49612499.0, 13988773.0, 48869474.0, 56577257.0, 37944927.0, 4000000.0, 13665279.0, 4000000.0, 76176770.0, 4000000.0, 4800000.0, 4000000.0, 4000000.0, 4000000.0, 49968638.0, 4000000.0, 4000000.0, 4800000.0, 4000000.0, 4000000.0, 4000000.0, 4800000.0, 4000000.0, 4000000.0, 15704293.0, 4000000.0, 4000000.0, 4800000.0, 4800000.0, 4000000.0, 4800000.0, 4000000.0, 4000000.0, 4000000.0, 7200000.0, 4000000.0, 4000000.0], "predicted": [38797703.36038867, 59821347.5882951, 36708435.525705166, 10652057.654706173, 60776146.15647373, 59070397.84634446, 89174448.36166072, 33691159.415016875, 51869816.38566711, 54625007.74310071, 34441308.25732192, 31884943.403866302, 10469139.828362245, 7097449.368311482, 7092541.464416648, 73096343.82611176, 86526270.1538788, 123693392.9992939, 73215886.95877542, 60577062.85621443, 3857569.2414813684, 98811149.70231165, 86929038.33016086, 94732244.48967253, 84657574.81127408, 63992586.299677916, 1754237.2234948394, 97217069.12347554, 8338255.597766059, 94848891.12731737, 9160038.289218836, 1615617.7746654595, 2906764.3877454675, 97160106.58849506, 57226292.453050286, 126162568.33089077, 79999163.0341031, 131001480.24985376, 27276383.058056124, 5322815.699985712, 6279879.438648748, 445280.36273368885, 8233387.784073921, 2030837.563414055, 7078795.253228782, 58279144.730911426, 66425531.2211537, 96323723.1018008, 9347984.81624436, 8088215.749302195, 10434068.397385683, 95965529.54615583, 46697592.73882161, 4793319.54150416, 86983226.42264031, 68800153.74757582, 24799742.37540311, 15502323.774853995, 64283986.38887343, 18268403.11023347, 414157.28291031125, 49771683.02503545, 3894094.2995792488, 50320411.55918653, 22097258.313598573, -1928008.0092613974, 4652746.855673583, 72798003.45684339, 13849630.122990446, 68029351.84476584, 31377084.16406945, 13438884.511798494, 74532609.52730228, 55089720.93081436, 56262840.29132796, 63509346.229504906, 65579620.81929152, 52292215.34593289, 56223586.939840145, 55934134.33673528, 96044899.87541853, 4714172.205393571, 126493710.67772831, 34864785.32486657, 48770641.73844159, 37113921.46776534, 60894862.3385861, 32425796.823491614, 1265381.7069181139, 31452667.81493847, 9262132.17431942, 94041622.72640674, 10861067.971017517, 7373753.323193397, 5843660.877303522, 16147741.408241231, 2606581.1730807046, 51282136.70200053, 16004708.457609959, 442988.5550303841, 3196345.2594590033, 9203950.988666939, 8198112.402343861, 236009.48215198974, 12879691.34452593, 7264982.892511989, 5362960.019466355, 56751154.62716615, 10187610.81689122, 10059700.706276149, 6059713.992692575, 8216089.732274368, 4394441.432302706, 11576397.116964227, 16528061.26491152, 2701198.6361592454, 15234073.18784964, 17188814.40241252, 8518485.406884598, -1166766.8656430864]}, "XGBoost + LSTM Ensemble": {"actual": [21157750.0, 70926619.0, 29451100.0, 4800000.0, 55256578.0, 99223213.0, 80943567.0, 46332691.0, 95552533.0, 83043681.0, 10591573.0, 12203424.0, 4000000.0, 4800000.0, 4000000.0, 46981778.0, 116836014.0, 175874851.0, 28828007.0, 29720041.0, 1880359.0, 60585543.0, 71980288.0, 135467998.0, 74012706.0, 90522761.0, 4000000.0, 127639260.0, 4000000.0, 109019932.0, 4000000.0, 4000000.0, 4000000.0, 127175162.0, 87955519.0, 168261539.0, 99715270.0, 140988502.0, 57489386.0, 4800000.0, 4000000.0, 4000000.0, 4000000.0, 4000000.0, 4000000.0, 57488368.0, 51350177.0, 128910074.0, 4000000.0, 4800000.0, 4000000.0, 145925844.0, 13100913.0, 5600000.0, 115448949.0, 21235108.0, 10582008.0, 6400000.0, 99043262.0, 27610199.0, 4000000.0, 69168952.0, 4000000.0, 4281825.0, 41545522.0, 4800000.0, 4000000.0, 70503092.0, 4000000.0, 81062029.0, 7121641.0, 4000000.0, 84769947.0, 66777665.0, 61487035.0, 22970442.0, 81287194.0, 14377144.0, 57910683.0, 49295641.0, 108414091.0, 4000000.0, 207511532.0, 49612499.0, 13988773.0, 48869474.0, 56577257.0, 37944927.0, 4000000.0, 13665279.0, 4000000.0, 76176770.0, 4000000.0, 4800000.0, 4000000.0, 4000000.0, 4000000.0, 49968638.0, 4000000.0, 4000000.0, 4800000.0, 4000000.0, 4000000.0, 4000000.0, 4800000.0, 4000000.0, 4000000.0, 15704293.0, 4000000.0, 4000000.0, 4800000.0, 4800000.0, 4000000.0, 4800000.0, 4000000.0, 4000000.0, 4000000.0, 7200000.0, 4000000.0, 4000000.0], "predicted": [21190428.0, 70344552.0, 29182860.0, 4788168.0, 55534080.0, 99226304.0, 81116592.0, 46356168.0, 95449656.0, 82766080.0, 10951600.0, 12292290.0, 3990487.5, 4727033.5, 4002421.0, 47024620.0, 117464624.0, 176155376.0, 28659482.0, 29878842.0, 2008237.0, 60604964.0, 72055512.0, 135241712.0, 73926712.0, 91031592.0, 4000393.5, 127822304.0, 3974351.75, 109318376.0, 4009131.0, 4008992.25, 4015734.75, 127842648.0, 88625480.0, 168688576.0, 99543104.0, 140949488.0, 57205024.0, 4793722.0, 4001450.0, 4009024.75, 4002800.0, 3993517.0, 4008053.75, 57339096.0, 51424708.0, 128881184.0, 4004898.75, 4798412.0, 3999306.75, 145561120.0, 12807787.0, 5451073.0, 114893704.0, 21323394.0, 10093024.0, 6494336.5, 99147136.0, 27619638.0, 4003410.0, 69562280.0, 4008665.25, 4154850.75, 41496240.0, 4750633.5, 4026435.75, 70255824.0, 3993867.25, 81464528.0, 6823464.5, 4001609.5, 84953344.0, 66723896.0, 62141868.0, 23163266.0, 81806512.0, 14599268.0, 57384732.0, 49036144.0, 109018792.0, 4010545.75, 207444096.0, 49729736.0, 13869732.0, 48742264.0, 56818664.0, 37671500.0, 4016085.25, 13735708.0, 3987201.25, 76018200.0, 3997079.0, 4748129.5, 4008326.5, 3993698.5, 4009526.5, 50088252.0, 3996403.75, 4007595.5, 4754465.5, 3981230.75, 4007133.75, 4018638.25, 4788648.0, 4004214.75, 4013942.75, 15800925.0, 4011532.5, 4008053.75, 4828259.0, 4799813.5, 4007801.75, 4789121.0, 4004214.75, 3992946.5, 4000218.25, 7617416.5, 3991487.0, 4007684.0]}}, "feature_importance": {"features": ["market_value_eur", "lstm_uni_predicted_value", "lstm_ed_step1_value", "lstm_mv_predicted_value", "tb_polarity", "assists", "goals", "total_days_injured", "defensive_actions_per90", "vader_compound_score", "availability_rate", "social_buzz_score", "pass_accuracy_pct", "total_injuries", "goal_contributions_per90"], "importances": [0.79892, 0.18557, 0.00889, 0.00144, 0.00085, 0.00082, 0.00067, 0.00047, 0.00043, 0.00037, 0.00034, 0.00032, 0.00028, 0.00021, 0.00017], "is_lstm_meta": [0, 1, 1, 1, 0, 0, 0, 0, 0, 0, 0, 0, 0, 0, 0]}, "plots": {"rmse_comparison": "plot_rmse_comparison.png", "r2_comparison": "plot_r2_comparison.png", "actual_vs_predicted": "plot_actual_vs_predicted.png", "feature_importance": "plot_feature_importance.png", "mae_comparison": "plot_mae_comparison.png", "dashboard": "plot_dashboard.png"}, "tuning_results": {"XGBoost": {"method": "GridSearchCV (5-fold, 54 combinations)",